{"cameraMode":{"drawMode":0,"name":"Shaded","section":"Shading Mode"},"sceneLighting":true,"audioPlay":false,"sceneViewState":{"showFog":true,"showMaterialUpdate":false,"showSkybox":true,"showFlares":true,"showImageEffects":true,"showParticleSystems":true},"in2DMode":false,"pivot":{"x":-15.282084465026856,"y":-15.492753982543946,"z":7.021894454956055},"rotation":{"x":-0.007645550183951855,"y":0.8943629264831543,"z":-0.44701680541038515,"w":-0.015296857804059983},"size":31.341447830200197,"orthographic":false}