{"cameraMode":{"drawMode":0,"name":"Shaded","section":"Shading Mode"},"sceneLighting":true,"audioPlay":false,"sceneViewState":{"showFog":false,"showMaterialUpdate":false,"showSkybox":true,"showFlares":true,"showImageEffects":true,"showParticleSystems":true},"in2DMode":false,"pivot":{"x":-10.610444068908692,"y":-4.151881217956543,"z":7.833742141723633},"rotation":{"x":0.11722114682197571,"y":0.8827071785926819,"z":-0.32772642374038699,"w":0.3157266080379486},"size":16.935047149658204,"orthographic":false}